{"cameraMode":{"drawMode":0,"name":"Shaded","section":"Shading Mode"},"sceneLighting":true,"audioPlay":false,"sceneViewState":{"showFog":false,"showMaterialUpdate":false,"showSkybox":true,"showFlares":false,"showImageEffects":true,"showParticleSystems":true},"in2DMode":false,"pivot":{"x":-1.2865312099456788,"y":0.3665374517440796,"z":44.006629943847659},"rotation":{"x":0.04201504588127136,"y":-0.12424309551715851,"z":0.005001249723136425,"w":0.9916371703147888},"size":55.04653549194336,"orthographic":false}