{"cameraMode":{"drawMode":0,"name":"Shaded","section":"Shading Mode"},"sceneLighting":false,"audioPlay":false,"sceneViewState":{"showFog":false,"showMaterialUpdate":false,"showSkybox":false,"showFlares":true,"showImageEffects":true,"showParticleSystems":true},"in2DMode":false,"pivot":{"x":-223.54104614257813,"y":8.563193321228028,"z":188.34873962402345},"rotation":{"x":-0.016179583966732026,"y":0.9025949239730835,"z":-0.03416730463504791,"w":-0.4290015399456024},"size":17.505250930786134,"orthographic":false}