{"cameraMode":{"drawMode":0,"name":"Shaded","section":"Shading Mode"},"sceneLighting":false,"audioPlay":false,"sceneViewState":{"showFog":false,"showMaterialUpdate":false,"showSkybox":false,"showFlares":true,"showImageEffects":true,"showParticleSystems":true},"in2DMode":false,"pivot":{"x":2.240489959716797,"y":8.484271049499512,"z":-0.5452518463134766},"rotation":{"x":-0.16527530550956727,"y":-0.6873480677604675,"z":0.16513869166374207,"w":-0.6877665519714356},"size":12.691765785217286,"orthographic":false}