{"cameraMode":{"drawMode":0,"name":"Shaded","section":"Shading Mode"},"sceneLighting":true,"audioPlay":false,"sceneViewState":{"showFog":false,"showMaterialUpdate":false,"showSkybox":true,"showFlares":false,"showImageEffects":true,"showParticleSystems":true},"in2DMode":false,"pivot":{"x":1653.721923828125,"y":381.44580078125,"z":41.1099853515625},"rotation":{"x":0.049026139080524448,"y":-0.17692667245864869,"z":0.00876836571842432,"w":0.9832279086112976},"size":1638.908203125,"orthographic":false}