{"cameraMode":{"drawMode":0,"name":"Shaded","section":"Shading Mode"},"sceneLighting":false,"audioPlay":false,"sceneViewState":{"showFog":false,"showMaterialUpdate":false,"showSkybox":false,"showFlares":true,"showImageEffects":true,"showParticleSystems":true},"in2DMode":false,"pivot":{"x":0.0,"y":3.1763735522036265e-22,"z":-0.000003814697265625},"rotation":{"x":0.028136059641838075,"y":0.8122470378875732,"z":-0.039253488183021548,"w":0.5814635753631592},"size":70.71067810058594,"orthographic":false}