{"cameraMode":{"drawMode":0,"name":"Shaded","section":"Shading Mode"},"sceneLighting":true,"audioPlay":false,"sceneViewState":{"showFog":false,"showMaterialUpdate":false,"showSkybox":true,"showFlares":false,"showImageEffects":true,"showParticleSystems":true},"in2DMode":false,"pivot":{"x":136.751220703125,"y":388.61962890625,"z":156.5899658203125},"rotation":{"x":0.0021845006849616768,"y":-0.9979721307754517,"z":0.05575449764728546,"w":0.03819766640663147},"size":753.9788208007813,"orthographic":false}