{"cameraMode":{"drawMode":0,"name":"Shaded","section":"Shading Mode"},"sceneLighting":false,"audioPlay":false,"sceneViewState":{"showFog":false,"showMaterialUpdate":false,"showSkybox":false,"showFlares":true,"showImageEffects":true,"showParticleSystems":true},"in2DMode":false,"pivot":{"x":0.2459125518798828,"y":8.998913764953614,"z":-0.40421104431152346},"rotation":{"x":-0.0029052163008600475,"y":-0.9638214111328125,"z":0.010413214564323426,"w":-0.26644253730773928},"size":13.053088188171387,"orthographic":false}