{"cameraMode":{"drawMode":0,"name":"Shaded","section":"Shading Mode"},"sceneLighting":false,"audioPlay":false,"sceneViewState":{"showFog":false,"showMaterialUpdate":false,"showSkybox":false,"showFlares":true,"showImageEffects":true,"showParticleSystems":true},"in2DMode":false,"pivot":{"x":71.84043884277344,"y":-12.045160293579102,"z":26.264198303222658},"rotation":{"x":-0.17414531111717225,"y":0.15795855224132539,"z":-0.028158005326986314,"w":-0.9717004299163818},"size":17.834632873535158,"orthographic":false}