{"cameraMode":{"drawMode":0,"name":"Shaded","section":"Shading Mode"},"sceneLighting":true,"audioPlay":false,"sceneViewState":{"showFog":false,"showMaterialUpdate":false,"showSkybox":true,"showFlares":false,"showImageEffects":true,"showParticleSystems":true},"in2DMode":false,"pivot":{"x":432.267333984375,"y":16.469924926757814,"z":392.28271484375},"rotation":{"x":0.0005535956588573754,"y":0.9809250831604004,"z":-0.19558806717395783,"w":0.0027435545343905689},"size":13.316195487976075,"orthographic":false}