{"cameraMode":{"drawMode":0,"name":"Shaded","section":"Shading Mode"},"sceneLighting":false,"audioPlay":false,"sceneViewState":{"showFog":false,"showMaterialUpdate":false,"showSkybox":false,"showFlares":true,"showImageEffects":true,"showParticleSystems":true},"in2DMode":false,"pivot":{"x":0.1274397373199463,"y":0.8862963914871216,"z":0.011142611503601075},"rotation":{"x":0.02517802082002163,"y":-0.9292853474617004,"z":0.06451854854822159,"w":0.3628890812397003},"size":2.183295488357544,"orthographic":false}