{"cameraMode":{"drawMode":0,"name":"Shaded","section":"Shading Mode"},"sceneLighting":true,"audioPlay":false,"sceneViewState":{"showFog":false,"showMaterialUpdate":false,"showSkybox":true,"showFlares":false,"showImageEffects":true,"showParticleSystems":true},"in2DMode":false,"pivot":{"x":357.34912109375,"y":9.64389419555664,"z":477.1956787109375},"rotation":{"x":0.016400152817368509,"y":-0.9760854244232178,"z":0.07804428786039353,"w":0.20362059772014619},"size":29.184112548828126,"orthographic":false}