{"cameraMode":{"drawMode":0,"name":"Shaded","section":"Shading Mode"},"sceneLighting":true,"audioPlay":false,"sceneViewState":{"showFog":false,"showMaterialUpdate":false,"showSkybox":true,"showFlares":false,"showImageEffects":true,"showParticleSystems":true},"in2DMode":false,"pivot":{"x":432.267333984375,"y":16.469924926757814,"z":392.28271484375},"rotation":{"x":0.02728184685111046,"y":0.9654619097709656,"z":-0.11231312900781632,"w":0.2345239371061325},"size":12.233321189880371,"orthographic":false}