{"cameraMode":{"drawMode":0,"name":"Shaded","section":"Shading Mode"},"sceneLighting":false,"audioPlay":false,"sceneViewState":{"showFog":false,"showMaterialUpdate":false,"showSkybox":false,"showFlares":true,"showImageEffects":true,"showParticleSystems":true},"in2DMode":false,"pivot":{"x":875.7333984375,"y":46.51365280151367,"z":1219.8626708984375},"rotation":{"x":-0.0019274185178801418,"y":0.9927458763122559,"z":-0.12001767009496689,"w":-0.01607862114906311},"size":4.026780128479004,"orthographic":false}