{"cameraMode":{"drawMode":0,"name":"Shaded","section":"Shading Mode"},"sceneLighting":true,"audioPlay":false,"sceneViewState":{"showFog":false,"showMaterialUpdate":false,"showSkybox":true,"showFlares":false,"showImageEffects":true,"showParticleSystems":true},"in2DMode":false,"pivot":{"x":-0.002803802490234375,"y":-0.21000003814697267,"z":0.0},"rotation":{"x":-0.07336781173944473,"y":-0.09782670438289643,"z":0.007705387659370899,"w":-0.9928166270256043},"size":7.2474775314331059,"orthographic":false}