{"cameraMode":{"drawMode":0,"name":"Shaded","section":"Shading Mode"},"sceneLighting":false,"audioPlay":false,"sceneViewState":{"showFog":false,"showMaterialUpdate":false,"showSkybox":false,"showFlares":false,"showImageEffects":true,"showParticleSystems":true},"in2DMode":false,"pivot":{"x":91.59272766113281,"y":12.442893981933594,"z":394.68408203125},"rotation":{"x":0.05829337611794472,"y":-0.934205174446106,"z":0.1774483323097229,"w":0.30516135692596438},"size":2.2198572158813478,"orthographic":false}