{"cameraMode":{"drawMode":0,"name":"Shaded","section":"Shading Mode"},"sceneLighting":true,"audioPlay":false,"sceneViewState":{"showFog":false,"showMaterialUpdate":false,"showSkybox":true,"showFlares":false,"showImageEffects":true,"showParticleSystems":true},"in2DMode":false,"pivot":{"x":352.88189697265627,"y":-36.570823669433597,"z":52.406166076660159},"rotation":{"x":0.01239209808409214,"y":0.9872881174087524,"z":-0.12987910211086274,"w":0.09338285773992539},"size":305.66766357421877,"orthographic":false}