{"cameraMode":{"drawMode":0,"name":"Shaded","section":"Shading Mode"},"sceneLighting":false,"audioPlay":false,"sceneViewState":{"showFog":false,"showMaterialUpdate":false,"showSkybox":false,"showFlares":true,"showImageEffects":true,"showParticleSystems":true},"in2DMode":false,"pivot":{"x":0.5063768029212952,"y":6.129982948303223,"z":-0.08669352531433106},"rotation":{"x":0.02517802082002163,"y":-0.9292853474617004,"z":0.06451854854822159,"w":0.3628890812397003},"size":4.733828544616699,"orthographic":false}