{"cameraMode":{"drawMode":0,"name":"Shaded","section":"Shading Mode"},"sceneLighting":false,"audioPlay":false,"sceneViewState":{"showFog":false,"showMaterialUpdate":false,"showSkybox":false,"showFlares":false,"showImageEffects":true,"showParticleSystems":true},"in2DMode":false,"pivot":{"x":357.2699890136719,"y":11.989999771118164,"z":523.3499755859375},"rotation":{"x":0.1884903609752655,"y":-0.7630364298820496,"z":0.25527605414390566,"w":0.563603937625885},"size":2.9135353565216066,"orthographic":false}