{"cameraMode":{"drawMode":0,"name":"Shaded","section":"Shading Mode"},"sceneLighting":true,"audioPlay":false,"sceneViewState":{"showFog":false,"showMaterialUpdate":false,"showSkybox":true,"showFlares":false,"showImageEffects":true,"showParticleSystems":true},"in2DMode":false,"pivot":{"x":363.38134765625,"y":27.102218627929689,"z":265.673095703125},"rotation":{"x":0.09694185107946396,"y":0.6329402327537537,"z":-0.0805220901966095,"w":0.7643606662750244},"size":6.460164546966553,"orthographic":false}