{"cameraMode":{"drawMode":0,"name":"Shaded","section":"Shading Mode"},"sceneLighting":false,"audioPlay":false,"sceneViewState":{"showFog":false,"showMaterialUpdate":false,"showSkybox":false,"showFlares":true,"showImageEffects":true,"showParticleSystems":true},"in2DMode":false,"pivot":{"x":45.50093078613281,"y":2.8971951007843019,"z":44.582637786865237},"rotation":{"x":0.0779000073671341,"y":0.7037357687950134,"z":0.07834168523550034,"w":-0.7020295262336731},"size":14.187356948852539,"orthographic":false}