{"cameraMode":{"drawMode":0,"name":"Shaded","section":"Shading Mode"},"sceneLighting":false,"audioPlay":false,"sceneViewState":{"showFog":false,"showMaterialUpdate":false,"showSkybox":false,"showFlares":false,"showImageEffects":true,"showParticleSystems":true},"in2DMode":false,"pivot":{"x":-0.004134774208068848,"y":1.0079352855682374,"z":0.6630414724349976},"rotation":{"x":-0.023043662309646608,"y":-0.9678686261177063,"z":0.23254702985286714,"w":-0.09530499577522278},"size":1.9300949573516846,"orthographic":false}