{"cameraMode":{"drawMode":0,"name":"Shaded","section":"Shading Mode"},"sceneLighting":true,"audioPlay":false,"sceneViewState":{"showFog":false,"showMaterialUpdate":false,"showSkybox":true,"showFlares":false,"showImageEffects":true,"showParticleSystems":true},"in2DMode":false,"pivot":{"x":404.48565673828127,"y":-40.42198944091797,"z":475.4363098144531},"rotation":{"x":0.009934229776263237,"y":-0.9699057340621948,"z":0.24075910449028016,"w":0.04012462496757507},"size":76.77057647705078,"orthographic":false}