{"cameraMode":{"drawMode":0,"name":"Shaded","section":"Shading Mode"},"sceneLighting":false,"audioPlay":false,"sceneViewState":{"showFog":false,"showMaterialUpdate":false,"showSkybox":false,"showFlares":true,"showImageEffects":true,"showParticleSystems":true},"in2DMode":false,"pivot":{"x":-0.004134774208068848,"y":1.0079352855682374,"z":0.6630414724349976},"rotation":{"x":-0.09062584489583969,"y":0.7736057043075562,"z":-0.113583043217659,"w":-0.6169283390045166},"size":1.9300949573516846,"orthographic":false}