{"cameraMode":{"drawMode":0,"name":"Shaded","section":"Shading Mode"},"sceneLighting":true,"audioPlay":false,"sceneViewState":{"showFog":false,"showMaterialUpdate":false,"showSkybox":false,"showFlares":true,"showImageEffects":true,"showParticleSystems":true},"in2DMode":false,"pivot":{"x":299.13665771484377,"y":22.73488998413086,"z":445.8216247558594},"rotation":{"x":0.03349262475967407,"y":0.8388040661811829,"z":-0.05191517621278763,"w":0.5412421226501465},"size":141.57081604003907,"orthographic":false}