{"cameraMode":{"drawMode":0,"name":"Shaded","section":"Shading Mode"},"sceneLighting":false,"audioPlay":false,"sceneViewState":{"showFog":false,"showMaterialUpdate":false,"showSkybox":false,"showFlares":true,"showImageEffects":true,"showParticleSystems":true},"in2DMode":false,"pivot":{"x":449.8456115722656,"y":120.0289306640625,"z":595.0151977539063},"rotation":{"x":-0.0019274185178801418,"y":0.9927458763122559,"z":-0.12001767009496689,"w":-0.01607862114906311},"size":1.5242061614990235,"orthographic":false}