{"cameraMode":{"drawMode":0,"name":"Shaded","section":"Shading Mode"},"sceneLighting":true,"audioPlay":false,"sceneViewState":{"showFog":false,"showMaterialUpdate":false,"showSkybox":true,"showFlares":false,"showImageEffects":true,"showParticleSystems":true},"in2DMode":false,"pivot":{"x":536.5286865234375,"y":24.16221809387207,"z":206.99281311035157},"rotation":{"x":-0.06328696757555008,"y":-0.720311164855957,"z":0.06636998802423477,"w":-0.6879540085792542},"size":5.90510368347168,"orthographic":false}