{"cameraMode":{"drawMode":0,"name":"Shaded","section":"Shading Mode"},"sceneLighting":true,"audioPlay":false,"sceneViewState":{"showFog":false,"showMaterialUpdate":false,"showSkybox":false,"showFlares":true,"showImageEffects":true,"showParticleSystems":true},"in2DMode":false,"pivot":{"x":299.13665771484377,"y":22.73488998413086,"z":445.8216247558594},"rotation":{"x":0.021709786728024484,"y":0.9744274616241455,"z":-0.1074371486902237,"w":0.19705285131931306},"size":98.07200622558594,"orthographic":false}