{"cameraMode":{"drawMode":0,"name":"Shaded","section":"Shading Mode"},"sceneLighting":false,"audioPlay":false,"sceneViewState":{"showFog":false,"showMaterialUpdate":false,"showSkybox":false,"showFlares":true,"showImageEffects":true,"showParticleSystems":true},"in2DMode":false,"pivot":{"x":6.738948345184326,"y":8.208157539367676,"z":-0.13043880462646485},"rotation":{"x":0.02517802082002163,"y":-0.9292853474617004,"z":0.06451854854822159,"w":0.3628890812397003},"size":5.17568302154541,"orthographic":false}