{"cameraMode":{"drawMode":0,"name":"Shaded","section":"Shading Mode"},"sceneLighting":false,"audioPlay":false,"sceneViewState":{"showFog":false,"showMaterialUpdate":false,"showSkybox":false,"showFlares":true,"showImageEffects":true,"showParticleSystems":true},"in2DMode":false,"pivot":{"x":4.506488800048828,"y":-0.41846880316734316,"z":2.245253324508667},"rotation":{"x":0.05371317267417908,"y":0.754334568977356,"z":0.06210586801171303,"w":-0.6516066193580627},"size":97.73332214355469,"orthographic":false}