{"cameraMode":{"drawMode":0,"name":"Shaded","section":"Shading Mode"},"sceneLighting":false,"audioPlay":false,"sceneViewState":{"showFog":false,"showMaterialUpdate":false,"showSkybox":false,"showFlares":true,"showImageEffects":true,"showParticleSystems":true},"in2DMode":false,"pivot":{"x":0.31063663959503176,"y":11.473501205444336,"z":-3.6409108638763429},"rotation":{"x":-0.002827866468578577,"y":0.5364083647727966,"z":-0.0017228018259629608,"w":-0.8440840840339661},"size":20.388690948486329,"orthographic":false}