{"cameraMode":{"drawMode":0,"name":"Shaded","section":"Shading Mode"},"sceneLighting":false,"audioPlay":false,"sceneViewState":{"showFog":false,"showMaterialUpdate":false,"showSkybox":false,"showFlares":true,"showImageEffects":true,"showParticleSystems":true},"in2DMode":false,"pivot":{"x":267.7567138671875,"y":53.08366394042969,"z":397.4607849121094},"rotation":{"x":-0.26789408922195437,"y":0.438383549451828,"z":-0.13852405548095704,"w":-0.8468591570854187},"size":7.704314231872559,"orthographic":false}