{"cameraMode":{"drawMode":0,"name":"Shaded","section":"Shading Mode"},"sceneLighting":false,"audioPlay":false,"sceneViewState":{"showFog":false,"showMaterialUpdate":false,"showSkybox":false,"showFlares":true,"showImageEffects":true,"showParticleSystems":true},"in2DMode":false,"pivot":{"x":-0.47226619720458987,"y":8.750162124633789,"z":-0.6347641944885254},"rotation":{"x":-0.17953257262706757,"y":-0.7456494569778442,"z":0.2223467379808426,"w":-0.6019958257675171},"size":12.095076560974121,"orthographic":false}