{"cameraMode":{"drawMode":0,"name":"Shaded","section":"Shading Mode"},"sceneLighting":false,"audioPlay":false,"sceneViewState":{"showFog":false,"showMaterialUpdate":false,"showSkybox":false,"showFlares":true,"showImageEffects":true,"showParticleSystems":true},"in2DMode":false,"pivot":{"x":3.686710834503174,"y":9.316204071044922,"z":-0.9396581649780273},"rotation":{"x":0.01804167963564396,"y":-0.887580931186676,"z":0.034916069358587268,"w":0.4590339958667755},"size":9.106690406799317,"orthographic":false}