{"cameraMode":{"drawMode":0,"name":"Shaded","section":"Shading Mode"},"sceneLighting":false,"audioPlay":false,"sceneViewState":{"showFog":false,"showMaterialUpdate":false,"showSkybox":false,"showFlares":true,"showImageEffects":true,"showParticleSystems":true},"in2DMode":false,"pivot":{"x":0.15859580039978028,"y":2.210848808288574,"z":0.23886919021606446},"rotation":{"x":-0.11787343770265579,"y":-0.8676908016204834,"z":0.24603736400604249,"w":-0.415619432926178},"size":46.79874801635742,"orthographic":false}