{"cameraMode":{"drawMode":0,"name":"Shaded","section":"Shading Mode"},"sceneLighting":false,"audioPlay":false,"sceneViewState":{"showFog":false,"showMaterialUpdate":false,"showSkybox":false,"showFlares":false,"showImageEffects":true,"showParticleSystems":true},"in2DMode":false,"pivot":{"x":213.1805877685547,"y":-1.0817182064056397,"z":454.18719482421877},"rotation":{"x":0.1602221429347992,"y":0.09890428185462952,"z":0.0161142461001873,"w":-0.9822667241096497},"size":8.002839088439942,"orthographic":false}