{"cameraMode":{"drawMode":0,"name":"Shaded","section":"Shading Mode"},"sceneLighting":true,"audioPlay":false,"sceneViewState":{"showFog":false,"showMaterialUpdate":false,"showSkybox":true,"showFlares":false,"showImageEffects":true,"showParticleSystems":true},"in2DMode":false,"pivot":{"x":267.728271484375,"y":29.37248420715332,"z":230.24124145507813},"rotation":{"x":0.04982765018939972,"y":-0.930315375328064,"z":0.13809853792190553,"w":0.33677539229393008},"size":136.15736389160157,"orthographic":false}