{"cameraMode":{"drawMode":0,"name":"Shaded","section":"Shading Mode"},"sceneLighting":false,"audioPlay":false,"sceneViewState":{"showFog":false,"showMaterialUpdate":false,"showSkybox":false,"showFlares":true,"showImageEffects":true,"showParticleSystems":true},"in2DMode":false,"pivot":{"x":444.20001220703127,"y":5.522794723510742,"z":382.0},"rotation":{"x":0.09848017245531082,"y":-0.8760151267051697,"z":0.2021685391664505,"w":0.42672526836395266},"size":6.751385688781738,"orthographic":false}