{"cameraMode":{"drawMode":0,"name":"Shaded","section":"Shading Mode"},"sceneLighting":false,"audioPlay":false,"sceneViewState":{"showFog":false,"showMaterialUpdate":false,"showSkybox":false,"showFlares":true,"showImageEffects":true,"showParticleSystems":true},"in2DMode":false,"pivot":{"x":486.9529113769531,"y":117.53193664550781,"z":592.4517211914063},"rotation":{"x":-0.0019274185178801418,"y":0.9927458763122559,"z":-0.12001767009496689,"w":-0.01607862114906311},"size":8.051161766052246,"orthographic":false}