{"cameraMode":{"drawMode":0,"name":"Shaded","section":"Shading Mode"},"sceneLighting":false,"audioPlay":false,"sceneViewState":{"showFog":false,"showMaterialUpdate":false,"showSkybox":false,"showFlares":true,"showImageEffects":true,"showParticleSystems":true},"in2DMode":false,"pivot":{"x":341.7511901855469,"y":82.35128021240235,"z":479.6000061035156},"rotation":{"x":0.12600882351398469,"y":-0.861397922039032,"z":0.4180312752723694,"w":0.2596772313117981},"size":16.320785522460939,"orthographic":false}