{"cameraMode":{"drawMode":0,"name":"Shaded","section":"Shading Mode"},"sceneLighting":false,"audioPlay":false,"sceneViewState":{"showFog":false,"showMaterialUpdate":false,"showSkybox":false,"showFlares":true,"showImageEffects":true,"showParticleSystems":true},"in2DMode":false,"pivot":{"x":69.04300689697266,"y":-16.404388427734376,"z":31.051902770996095},"rotation":{"x":-0.07253168523311615,"y":0.6821984052658081,"z":-0.06762390583753586,"w":-0.7246657013893127},"size":18.924055099487306,"orthographic":false}