{"cameraMode":{"drawMode":0,"name":"Shaded","section":"Shading Mode"},"sceneLighting":false,"audioPlay":false,"sceneViewState":{"showFog":false,"showMaterialUpdate":false,"showSkybox":false,"showFlares":false,"showImageEffects":true,"showParticleSystems":true},"in2DMode":false,"pivot":{"x":-0.10415446758270264,"y":0.7702443599700928,"z":0.45348402857780459},"rotation":{"x":0.06615545600652695,"y":-0.7615050673484802,"z":0.07786145806312561,"w":0.640631914138794},"size":2.5621588230133058,"orthographic":false}