{"cameraMode":{"drawMode":0,"name":"Shaded","section":"Shading Mode"},"sceneLighting":true,"audioPlay":false,"sceneViewState":{"showFog":false,"showMaterialUpdate":false,"showSkybox":true,"showFlares":false,"showImageEffects":true,"showParticleSystems":true},"in2DMode":false,"pivot":{"x":276.91571044921877,"y":60.986515045166019,"z":310.8932800292969},"rotation":{"x":0.21818464994430543,"y":0.502983570098877,"z":-0.13304345309734345,"w":0.826137125492096},"size":26.047277450561525,"orthographic":false}