{"cameraMode":{"drawMode":0,"name":"Shaded","section":"Shading Mode"},"sceneLighting":false,"audioPlay":false,"sceneViewState":{"showFog":false,"showMaterialUpdate":false,"showSkybox":false,"showFlares":false,"showImageEffects":true,"showParticleSystems":true},"in2DMode":false,"pivot":{"x":3.474431409244971e-8,"y":0.9294440150260925,"z":-0.05599629133939743},"rotation":{"x":-0.01618397980928421,"y":0.9721155166625977,"z":-0.22434993088245393,"w":-0.07029210776090622},"size":6.099997520446777,"orthographic":false}