{"cameraMode":{"drawMode":0,"name":"Shaded","section":"Shading Mode"},"sceneLighting":true,"audioPlay":false,"sceneViewState":{"showFog":false,"showMaterialUpdate":false,"showSkybox":true,"showFlares":false,"showImageEffects":true,"showParticleSystems":true},"in2DMode":false,"pivot":{"x":240.48211669921876,"y":51.43919372558594,"z":299.4546203613281},"rotation":{"x":-0.11246468126773834,"y":-0.04539254680275917,"z":0.00577886588871479,"w":-0.992956817150116},"size":103.60552978515625,"orthographic":false}