{"cameraMode":{"drawMode":0,"name":"Shaded","section":"Shading Mode"},"sceneLighting":true,"audioPlay":false,"sceneViewState":{"showFog":false,"showMaterialUpdate":false,"showSkybox":true,"showFlares":false,"showImageEffects":true,"showParticleSystems":true},"in2DMode":false,"pivot":{"x":430.34271240234377,"y":14.672846794128418,"z":389.90789794921877},"rotation":{"x":-0.06717953830957413,"y":-0.9189535975456238,"z":0.1789904534816742,"w":-0.3457488715648651},"size":13.563554763793946,"orthographic":false}