{"cameraMode":{"drawMode":0,"name":"Shaded","section":"Shading Mode"},"sceneLighting":true,"audioPlay":false,"sceneViewState":{"showFog":false,"showMaterialUpdate":false,"showSkybox":false,"showFlares":true,"showImageEffects":true,"showParticleSystems":true},"in2DMode":false,"pivot":{"x":299.13665771484377,"y":22.73488998413086,"z":445.8216247558594},"rotation":{"x":0.07742345333099365,"y":0.888931930065155,"z":-0.1634300798177719,"w":0.4212474226951599},"size":179.18971252441407,"orthographic":false}