{"cameraMode":{"drawMode":0,"name":"Shaded","section":"Shading Mode"},"sceneLighting":true,"audioPlay":false,"sceneViewState":{"showFog":false,"showMaterialUpdate":false,"showSkybox":true,"showFlares":false,"showImageEffects":true,"showParticleSystems":true},"in2DMode":false,"pivot":{"x":-7.960000038146973,"y":2.819999933242798,"z":-1.6399999856948853},"rotation":{"x":0.200455904006958,"y":0.15307578444480897,"z":-0.03186114504933357,"w":0.9675590395927429},"size":13.342848777770996,"orthographic":false}