{"cameraMode":{"drawMode":0,"name":"Shaded","section":"Shading Mode"},"sceneLighting":true,"audioPlay":false,"sceneViewState":{"showFog":false,"showMaterialUpdate":false,"showSkybox":true,"showFlares":true,"showImageEffects":true,"showParticleSystems":true},"in2DMode":false,"pivot":{"x":194.30606079101563,"y":40.299896240234378,"z":283.06353759765627},"rotation":{"x":-0.14946025609970094,"y":-0.7485661506652832,"z":0.17961104214191438,"w":-0.6207460761070252},"size":48.86398696899414,"orthographic":false}