{"cameraMode":{"drawMode":0,"name":"Shaded","section":"Shading Mode"},"sceneLighting":false,"audioPlay":false,"sceneViewState":{"showFog":false,"showMaterialUpdate":false,"showSkybox":false,"showFlares":true,"showImageEffects":true,"showParticleSystems":true},"in2DMode":false,"pivot":{"x":0.014125823974609375,"y":2.822312355041504,"z":16.156320571899415},"rotation":{"x":-0.10441955178976059,"y":-0.867279052734375,"z":0.2041323333978653,"w":-0.4422244131565094},"size":77.41022491455078,"orthographic":false}