{"cameraMode":{"drawMode":0,"name":"Shaded","section":"Shading Mode"},"sceneLighting":true,"audioPlay":false,"sceneViewState":{"showFog":false,"showMaterialUpdate":false,"showSkybox":true,"showFlares":false,"showImageEffects":true,"showParticleSystems":true},"in2DMode":false,"pivot":{"x":80.10919189453125,"y":8.678413391113282,"z":394.5353088378906},"rotation":{"x":0.10673530399799347,"y":-0.888842761516571,"z":0.36100465059280398,"w":0.2626839280128479},"size":30.376907348632814,"orthographic":false}