{"cameraMode":{"drawMode":0,"name":"Shaded","section":"Shading Mode"},"sceneLighting":true,"audioPlay":false,"sceneViewState":{"showFog":false,"showMaterialUpdate":false,"showSkybox":true,"showFlares":false,"showImageEffects":true,"showParticleSystems":true},"in2DMode":false,"pivot":{"x":479.5999755859375,"y":8.280000686645508,"z":290.89410400390627},"rotation":{"x":0.33692583441734316,"y":0.19248011708259583,"z":-0.07070744037628174,"w":0.9193657040596008},"size":1070.1922607421875,"orthographic":false}