{"cameraMode":{"drawMode":0,"name":"Shaded","section":"Shading Mode"},"sceneLighting":true,"audioPlay":false,"sceneViewState":{"showFog":false,"showMaterialUpdate":false,"showSkybox":true,"showFlares":false,"showImageEffects":true,"showParticleSystems":true},"in2DMode":false,"pivot":{"x":808.0653076171875,"y":700.277587890625,"z":-13.125},"rotation":{"x":-0.0035677000414580108,"y":-0.9783733487129211,"z":0.20731638371944428,"w":-0.016854772344231607},"size":874.2988891601563,"orthographic":false}