{"cameraMode":{"drawMode":0,"name":"Shaded","section":"Shading Mode"},"sceneLighting":false,"audioPlay":false,"sceneViewState":{"showFog":false,"showMaterialUpdate":false,"showSkybox":false,"showFlares":true,"showImageEffects":true,"showParticleSystems":true},"in2DMode":false,"pivot":{"x":-0.2867116928100586,"y":4.68973970413208,"z":-1.9483516216278077},"rotation":{"x":0.006100967060774565,"y":-0.9909141659736633,"z":0.04790685325860977,"w":0.12581227719783784},"size":5.495882511138916,"orthographic":false}