{"cameraMode":{"drawMode":0,"name":"Shaded","section":"Shading Mode"},"sceneLighting":false,"audioPlay":false,"sceneViewState":{"showFog":false,"showMaterialUpdate":false,"showSkybox":false,"showFlares":true,"showImageEffects":true,"showParticleSystems":true},"in2DMode":false,"pivot":{"x":409.427734375,"y":123.60286712646485,"z":640.8701171875},"rotation":{"x":-0.0019274185178801418,"y":0.9927458763122559,"z":-0.12001767009496689,"w":-0.01607862114906311},"size":11.620494842529297,"orthographic":false}